number,item reference,type,phrase,image1,image2,image3,image4
1,1,no adj,These are the glasses.,big_glasses.png,rabbit.png,big_sandwich.png,farmer-med_cheese.png
2,2,color,This is the green frog.,brown_frog.png,green_frog.png,violin.png,cat-med_truck.png
3,3,color,This is the red fish in the bowl.,med_fish.png,red_fish.png,med_chair.png,farmer-med_cheese.png
4,4,color,This is the yellow bird.,yellow_bird.png,girl-grapes.png,elephant.png,big_cherries.png
5,5,color,This is the gray cat in the car.,rabbit-big_car.png,gray_cat.png,cat-med_tree.png,big_doll.png
6,6,no adj,This is the cheese.,med_cheese.png,big_tower.png,med_tree.png,dog-big_cup.png
7,7,tall,This is the tall man.,tall_man.png,short_man.png,big_glasses.png,fork.png
8,8,tall,This is the tall tower with the flag.,tall_tower-flag.png,short_tower-flag.png,elephant-glasses.png,bird-med_can.png
9,9,tall,This is the cat with the tall ladder.,cat-big_ladder.png,small_ladder.png,girl-big_dog.png,girl-med_dog.png
10,10,tall,This is the tall policewoman with the man.,tall_policewoman-man.png,tall_policewoman.png,med_truck.png,med_sock.png
11,11,no adj,This is the girl.,girl.png,rabbit-big_box.png,rabbit-small_box.png,frog-big_bag.png
12,12,short,This is the short woman.,short_woman.png,tall_woman.png,med_pillow.png,big_sandwich.png
13,1,short,This is the short pencil with the notepad.,long_pencil-notepad.png,short_pencil-notepad.png,farmer-med_chair.png,farmer-big_cheese.png
14,2,short,This is the dog with the short flower.,dog-short_lamp.png,big_lamp.png,big_flower.png,short_flower.png
15,3,short,This is the short pitcher with the glass.,short_pitcher-glass.png,tall_pitcher.png,man-big_truck.png,man-small_truck.png
16,4,no adj,This is the truck.,big_car.png,elephant-box.png,girl-big_pillow.png,girl-truck.png
17,5,taller,This is the bird with the taller boat.,bird-small_boat.png,bird-med_boat.png,big_cherries.png,fork.png
18,6,taller,This is the taller building with the antenna.,tall_building-antenna.png,short_building-antenna.png,man-vacuum.png,man-med_scarf.png
19,7,short,This is the car with the short traffic light.,short_trafficlight.png,car-tall_trafficlight.png,frog-small_bathtub.png,frog-big_bathtub.png
20,8,taller,This is the tall boy with the dog.,tall_boy-dog.png,short_boy.png,big_ladder.png,girl-grapes.png
21,9,shorter,This is the shorter flower.,short_flower.png,big_flower.png,big_cherries.png,med_fish.png
22,10,shorter,This is the short glass with the plate.,short_glass-plate.png,tall_glass-plate.png,short_pencil-notepad.png,long_pencil-notepad.png
23,11,shorter,This is the cat with the shorter bottle.,cat-short_bottle.png,tall_bottle.png,tall_boy-dog.png,short_boy.png
24,12,shorter,This is the shorter farmer with the horse.,tall_farmer-horse.png,short_farmer-horse.png,tall_tower-flag.png,short_tower-flag.png