set_ID,instruction,adjective,cc,image1,image2,image3,image4,group
1,This is the big tree.,big,0,big_tree.png,small_bucket.png,big_bathtub.png,small_ladder.png,A
1,This is the big tree.,big,1,big_tree.png,small_tree.png,big_bathtub.png,small_ladder.png,B
1,This is the bigger tree.,bigger,0,big_tree.png,small_bucket.png,big_bathtub.png,small_ladder.png,C
1,This is the bigger tree.,bigger,1,big_tree.png,small_tree.png,big_bathtub.png,small_ladder.png,D
2,This is the big chair.,big,0,big_chair.png,small_fan.png,big_ladder.png,small_cup.png,B
2,This is the big chair.,big,1,big_chair.png,small_chair.png,big_ladder.png,small_cup.png,C
2,This is the bigger chair.,bigger,0,big_chair.png,small_fan.png,big_ladder.png,small_cup.png,D
2,This is the bigger chair.,bigger,1,big_chair.png,small_chair.png,big_ladder.png,small_cup.png,A
3,This is the big sock.,big,0,big_sock.png,small_can.png,big_glue.png,small_box.png,C
3,This is the big sock.,big,1,big_sock.png,small_sock.png,big_glue.png,small_box.png,D
3,This is the bigger sock.,bigger,0,big_sock.png,small_can.png,big_glue.png,small_box.png,A
3,This is the bigger sock.,bigger,1,big_sock.png,small_sock.png,big_glue.png,small_box.png,B
4,This is the big scarf.,big,0,big_scarf.png,small_box.png,big_cup.png,small_fan.png,D
4,This is the big scarf.,big,1,big_scarf.png,small_scarf.png,big_cup.png,small_fan.png,A
4,This is the bigger scarf.,bigger,0,big_scarf.png,small_box.png,big_cup.png,small_fan.png,B
4,This is the bigger scarf.,bigger,1,big_scarf.png,small_scarf.png,big_cup.png,small_fan.png,C
5,This is the big glue.,big,0,big_glue.png,small_tree.png,big_scarf.png,small_bucket.png,A
5,This is the big glue.,big,1,big_glue.png,small_glue.png,big_scarf.png,small_bucket.png,B
5,This is the bigger glue.,bigger,0,big_glue.png,small_tree.png,big_scarf.png,small_bucket.png,C
5,This is the bigger glue.,bigger,1,big_glue.png,small_glue.png,big_scarf.png,small_bucket.png,D
6,This is the big bathtub.,big,0,big_bathtub.png,small_ladder.png,big_box.png,small_can.png,B
6,This is the big bathtub.,big,1,big_bathtub.png,small_bathtub.png,big_box.png,small_can.png,C
6,This is the bigger bathtub.,bigger,0,big_bathtub.png,small_ladder.png,big_box.png,small_can.png,D
6,This is the bigger bathtub.,bigger,1,big_bathtub.png,small_bathtub.png,big_box.png,small_can.png,A
7,This is the big can.,big,0,big_can.png,small_cup.png,big_sock.png,small_bathtub.png,C
7,This is the big can.,big,1,big_can.png,small_can.png,big_sock.png,small_bathtub.png,D
7,This is the bigger can.,bigger,0,big_can.png,small_cup.png,big_sock.png,small_bathtub.png,A
7,This is the bigger can.,bigger,1,big_can.png,small_can.png,big_sock.png,small_bathtub.png,B
8,This is the big bucket.,big,0,big_bucket.png,small_bathtub.png,big_fan.png,small_glue.png,D
8,This is the big bucket.,big,1,big_bucket.png,small_bucket.png,big_fan.png,small_glue.png,A
8,This is the bigger bucket.,bigger,0,big_bucket.png,small_bathtub.png,big_fan.png,small_glue.png,B
8,This is the bigger bucket.,bigger,1,big_bucket.png,small_bucket.png,big_fan.png,small_glue.png,C
9,This is the big fan.,big,0,big_fan.png,small_sock.png,big_chair.png,small_scarf.png,A
9,This is the big fan.,big,1,big_fan.png,small_fan.png,big_chair.png,small_scarf.png,B
9,This is the bigger fan.,bigger,0,big_fan.png,small_sock.png,big_chair.png,small_scarf.png,C
9,This is the bigger fan.,bigger,1,big_fan.png,small_fan.png,big_chair.png,small_scarf.png,D
10,This is the big box.,big,0,big_box.png,small_scarf.png,big_bucket.png,small_sock.png,B
10,This is the big box.,big,1,big_box.png,small_box.png,big_bucket.png,small_sock.png,C
10,This is the bigger box.,bigger,0,big_box.png,small_scarf.png,big_bucket.png,small_sock.png,D
10,This is the bigger box.,bigger,1,big_box.png,small_box.png,big_bucket.png,small_sock.png,A
11,This is the big cup.,big,0,big_cup.png,small_glue.png,big_tree.png,small_chair.png,C
11,This is the big cup.,big,1,big_cup.png,small_cup.png,big_tree.png,small_chair.png,D
11,This is the bigger cup.,bigger,0,big_cup.png,small_glue.png,big_tree.png,small_chair.png,A
11,This is the bigger cup.,bigger,1,big_cup.png,small_cup.png,big_tree.png,small_chair.png,B
12,This is the big ladder.,big,0,big_ladder.png,small_chair.png,big_can.png,small_tree.png,D
12,This is the big ladder.,big,1,big_ladder.png,small_ladder.png,big_can.png,small_tree.png,A
12,This is the bigger ladder.,bigger,0,big_ladder.png,small_chair.png,big_can.png,small_tree.png,B
12,This is the bigger ladder.,bigger,1,big_ladder.png,small_ladder.png,big_can.png,small_tree.png,C